Suite/Test/Step Name,Browser,Description,Start time,End time,Duration,Status
Regression,Chrome 69.0.3497.100,,2018-10-17 11:41:17,2018-10-17 12:29:21,48m - 3.255s,PASSED
,,,,,,
Test Cases/Shop/TC09_ScheduleSale_LimitStock_SimpleProduct,Chrome 69.0.3497.100,,2018-10-17 11:41:18,2018-10-17 11:53:45,12m - 26.680s,PASSED
Statement - productName = SCHEDULE_SIMPLE_PRODUCT,Chrome 69.0.3497.100,,2018-10-17 11:41:19,2018-10-17 11:41:19,0.047s,PASSED
Statement - regularPrice = SCHEDULE_REGULAR_PRICE,Chrome 69.0.3497.100,,2018-10-17 11:41:19,2018-10-17 11:41:19,0.043s,PASSED
Statement - salePrice = SCHEDULE_SALE_PRICE,Chrome 69.0.3497.100,,2018-10-17 11:41:19,2018-10-17 11:41:19,0.014s,PASSED
Statement - quantity = 6,Chrome 69.0.3497.100,,2018-10-17 11:41:19,2018-10-17 11:41:19,0.016s,PASSED
"Statement - subtotalRegular = CustomKeywords.beautytap.ShopAction.calculateTotal(quantity, regularPrice)",Chrome 69.0.3497.100,,2018-10-17 11:41:19,2018-10-17 11:41:20,0.097s,PASSED
"Statement - subtotalSale = CustomKeywords.beautytap.ShopAction.calculateTotal(1, salePrice)",Chrome 69.0.3497.100,,2018-10-17 11:41:20,2018-10-17 11:41:20,0.014s,PASSED
"Statement - shippingType = ""free""",Chrome 69.0.3497.100,,2018-10-17 11:41:20,2018-10-17 11:41:20,0.014s,PASSED
Statement - shippingLabel = FREE_SHIPPING_LABEL,Chrome 69.0.3497.100,,2018-10-17 11:41:20,2018-10-17 11:41:20,0.022s,PASSED
"Statement - shippingTypeSale = ""normal""",Chrome 69.0.3497.100,,2018-10-17 11:41:20,2018-10-17 11:41:20,0.012s,PASSED
Statement - shippingLabelSale = SHIPPING_LABEL,Chrome 69.0.3497.100,,2018-10-17 11:41:20,2018-10-17 11:41:20,0.012s,PASSED
Statement - shippingPriceSale = SHIPPING_PRICE,Chrome 69.0.3497.100,,2018-10-17 11:41:20,2018-10-17 11:41:20,0.014s,PASSED
"Statement - totalSale = java.lang.Float.parseFloat(java.lang.String.format(""%.2f"", subtotalSale + shippingPriceSale))",Chrome 69.0.3497.100,,2018-10-17 11:41:20,2018-10-17 11:41:20,0.008s,PASSED
Statement - schedulTimeout = 300,Chrome 69.0.3497.100,,2018-10-17 11:41:20,2018-10-17 11:41:20,0.034s,PASSED
"Statement - limitStockSchedule = ""yes""",Chrome 69.0.3497.100,,2018-10-17 11:41:20,2018-10-17 11:41:20,0.014s,PASSED
Statement - variation = new org.json.JSONArray(),Chrome 69.0.3497.100,,2018-10-17 11:41:20,2018-10-17 11:41:20,0.028s,PASSED
Statement - scheduleDelay = 4,Chrome 69.0.3497.100,,2018-10-17 11:41:20,2018-10-17 11:41:20,0.011s,PASSED
Statement - scheduleDuration = 4,Chrome 69.0.3497.100,,2018-10-17 11:41:20,2018-10-17 11:41:20,0.008s,PASSED
"Statement - paymentMethod = ""Amazon Pay""",Chrome 69.0.3497.100,,2018-10-17 11:41:20,2018-10-17 11:41:20,0.012s,PASSED
beautytap.GeneralAction.openBeautytap,Chrome 69.0.3497.100,Login as Admin,2018-10-17 11:41:20,2018-10-17 11:41:38,17.961s,PASSED
beautytap.GeneralAction.login,Chrome 69.0.3497.100,,2018-10-17 11:41:38,2018-10-17 11:41:50,11.747s,PASSED
beautytap.AdminAction.selectAdminMenu,Chrome 69.0.3497.100,,2018-10-17 11:41:50,2018-10-17 11:42:06,16.263s,PASSED
"Statement - datetime = CustomKeywords.beautytap.ShopAction.generateScheduleDateTime(TIMEZONE, scheduleDelay, scheduleDuration)",Chrome 69.0.3497.100,,2018-10-17 11:42:06,2018-10-17 11:42:06,0.080s,PASSED
"Statement - startDate = datetime.get(""startdate"")",Chrome 69.0.3497.100,,2018-10-17 11:42:06,2018-10-17 11:42:06,0.014s,PASSED
"Statement - endDate = datetime.get(""enddate"")",Chrome 69.0.3497.100,,2018-10-17 11:42:06,2018-10-17 11:42:06,0.012s,PASSED
beautytap.AdminAction.scheduleSaleProduct,Chrome 69.0.3497.100,,2018-10-17 11:42:06,2018-10-17 11:43:21,1m - 14.818s,PASSED
closeBrowser,Chrome 69.0.3497.100,,2018-10-17 11:43:21,2018-10-17 11:43:22,1.139s,PASSED
beautytap.GeneralAction.openBeautytap,Chrome 69.0.3497.100,"VP1: Verify before schedule, regular price display on Search result",2018-10-17 11:43:22,2018-10-17 11:44:06,44.402s,PASSED
beautytap.ShopAction.globalSearch,Chrome 69.0.3497.100,,2018-10-17 11:44:06,2018-10-17 11:44:17,11.087s,PASSED
beautytap.ShopAction.VerifyProductOnSearchResult,Chrome 69.0.3497.100,,2018-10-17 11:44:17,2018-10-17 11:44:17,0.013s,PASSED
beautytap.ShopAction.selectSearchResult,Chrome 69.0.3497.100,"VP2: Verify before schedule, regular price display on Product Detail",2018-10-17 11:44:17,2018-10-17 11:44:30,12.406s,PASSED
beautytap.ShopAction.VerifyProductDetails,Chrome 69.0.3497.100,,2018-10-17 11:44:30,2018-10-17 11:44:30,0.701s,PASSED
beautytap.ShopAction.selectCategory,Chrome 69.0.3497.100,"VP3: Verify before schedule, regular price display on Product List",2018-10-17 11:44:30,2018-10-17 11:44:39,8.519s,PASSED
beautytap.ShopAction.findProductOnProductList,Chrome 69.0.3497.100,,2018-10-17 11:44:39,2018-10-17 11:44:57,17.848s,PASSED
beautytap.ShopAction.VerifyProductOnProductList,Chrome 69.0.3497.100,,2018-10-17 11:44:57,2018-10-17 11:44:57,0.663s,PASSED
beautytap.ShopAction.selectProductOnProductList,Chrome 69.0.3497.100,Add product to cart,2018-10-17 11:44:57,2018-10-17 11:45:05,7.607s,PASSED
beautytap.ShopAction.addProductToCart,Chrome 69.0.3497.100,,2018-10-17 11:45:05,2018-10-17 11:45:19,13.687s,PASSED
beautytap.ShopAction.goToCart,Chrome 69.0.3497.100,Go to cart,2018-10-17 11:45:19,2018-10-17 11:45:25,6.562s,PASSED
beautytap.ShopAction.VerifyProductInCart,Chrome 69.0.3497.100,"VP4: Verify before schedule, regular price display in cart",2018-10-17 11:45:25,2018-10-17 11:45:26,0.536s,PASSED
beautytap.ShopAction.loginAmazonPay,Chrome 69.0.3497.100,Checkout via amazon pay,2018-10-17 11:45:26,2018-10-17 11:46:02,36.382s,PASSED
"Statement - productArray = ""[{""productname"":"""" + productName + """",""variation"":"""",""quantity"":"""" + quantity + """",""price"":"""" + regularPrice + """"}]""",Chrome 69.0.3497.100,"VP5: Verify before schedule, regular price display in Checkout",2018-10-17 11:46:02,2018-10-17 11:46:02,0.014s,PASSED
Statement - products = new org.json.JSONArray(productArray),Chrome 69.0.3497.100,,2018-10-17 11:46:02,2018-10-17 11:46:02,0.017s,PASSED
beautytap.ShopAction.VerifyOrderDetailsOnCheckout,Chrome 69.0.3497.100,,2018-10-17 11:46:02,2018-10-17 11:46:03,0.356s,PASSED
beautytap.ShopAction.checkoutViaAmazonPay,Chrome 69.0.3497.100,,2018-10-17 11:46:03,2018-10-17 11:46:20,17.486s,PASSED
beautytap.ShopAction.VerifyOrderReceivedDetails,Chrome 69.0.3497.100,"VP6: Verify before schedule, regular price display in Order Received",2018-10-17 11:46:20,2018-10-17 11:46:26,5.875s,PASSED
beautytap.ShopAction.waitForSchedule,Chrome 69.0.3497.100,Wait for schedule,2018-10-17 11:46:26,2018-10-17 11:46:26,0.015s,PASSED
beautytap.ShopAction.globalSearch,Chrome 69.0.3497.100,"VP7: Verify during schedule, SALE price display on Search result",2018-10-17 11:46:26,2018-10-17 11:46:37,10.748s,PASSED
beautytap.ShopAction.VerifyProductOnSearchResult,Chrome 69.0.3497.100,,2018-10-17 11:46:37,2018-10-17 11:46:37,0.010s,PASSED
beautytap.ShopAction.selectSearchResult,Chrome 69.0.3497.100,"VP8: Verify during schedule, SALE price display on Product Detail",2018-10-17 11:46:37,2018-10-17 11:46:53,16.222s,PASSED
beautytap.ShopAction.VerifyProductDetails,Chrome 69.0.3497.100,,2018-10-17 11:46:53,2018-10-17 11:46:54,1.215s,PASSED
beautytap.ShopAction.selectCategory,Chrome 69.0.3497.100,"VP9: Verify during schedule, SALE price display on Product List",2018-10-17 11:46:54,2018-10-17 11:47:03,9.219s,PASSED
beautytap.ShopAction.findProductOnProductList,Chrome 69.0.3497.100,,2018-10-17 11:47:03,2018-10-17 11:47:26,22.527s,PASSED
beautytap.ShopAction.VerifyProductOnProductList,Chrome 69.0.3497.100,,2018-10-17 11:47:26,2018-10-17 11:47:27,1.141s,PASSED
verifyElementNotPresent,Chrome 69.0.3497.100,"VP10: Verify during schedule,Quantity textbox is not displayed due to limit stock affect",2018-10-17 11:47:27,2018-10-17 11:47:27,0.278s,PASSED
beautytap.ShopAction.selectProductOnProductList,Chrome 69.0.3497.100,Add product to cart,2018-10-17 11:47:27,2018-10-17 11:47:37,9.315s,PASSED
beautytap.ShopAction.addProductToCart,Chrome 69.0.3497.100,,2018-10-17 11:47:37,2018-10-17 11:47:50,13.758s,PASSED
beautytap.ShopAction.goToCart,Chrome 69.0.3497.100,Go to cart,2018-10-17 11:47:50,2018-10-17 11:47:57,6.119s,PASSED
beautytap.ShopAction.VerifyProductInCart,Chrome 69.0.3497.100,"VP11: Verify during schedule, SALE price display in cart",2018-10-17 11:47:57,2018-10-17 11:48:03,6.012s,PASSED
beautytap.ShopAction.processToCheckout,Chrome 69.0.3497.100,Checkout via amazon pay,2018-10-17 11:48:03,2018-10-17 11:48:12,9.588s,PASSED
beautytap.ShopAction.loginAmazonPay,Chrome 69.0.3497.100,,2018-10-17 11:48:12,2018-10-17 11:48:48,36.186s,PASSED
"Statement - productArraySale = ""[{""productname"":"""" + productName + """",""variation"":"""",""quantity"":""1"",""price"":"""" + salePrice + """"}]""",Chrome 69.0.3497.100,"VP12: Verify during schedule, SALE price display in Checkout",2018-10-17 11:48:48,2018-10-17 11:48:48,0.019s,PASSED
Statement - productSale = new org.json.JSONArray(productArraySale),Chrome 69.0.3497.100,,2018-10-17 11:48:48,2018-10-17 11:48:48,0.011s,PASSED
beautytap.ShopAction.VerifyOrderDetailsOnCheckout,Chrome 69.0.3497.100,,2018-10-17 11:48:48,2018-10-17 11:48:49,0.635s,PASSED
beautytap.ShopAction.checkoutViaAmazonPay,Chrome 69.0.3497.100,,2018-10-17 11:48:49,2018-10-17 11:49:05,15.765s,PASSED
beautytap.ShopAction.VerifyOrderReceivedDetails,Chrome 69.0.3497.100,"VP13: Verify during schedule, SALE price display in Order Received",2018-10-17 11:49:05,2018-10-17 11:49:05,0.627s,PASSED
beautytap.ShopAction.waitForSchedule,Chrome 69.0.3497.100,Wait for schedule,2018-10-17 11:49:05,2018-10-17 11:50:35,1m - 30.032s,PASSED
beautytap.GeneralAction.openBeautytap,Chrome 69.0.3497.100,"VP14: Verify AFTER schedule, regular price display on Search result",2018-10-17 11:50:35,2018-10-17 11:51:18,42.708s,PASSED
beautytap.ShopAction.globalSearch,Chrome 69.0.3497.100,,2018-10-17 11:51:18,2018-10-17 11:51:29,10.855s,PASSED
beautytap.ShopAction.VerifyProductOnSearchResult,Chrome 69.0.3497.100,,2018-10-17 11:51:29,2018-10-17 11:51:29,0.020s,PASSED
beautytap.ShopAction.selectSearchResult,Chrome 69.0.3497.100,"VP15: Verify AFTER schedule, regular price display on Product Detail",2018-10-17 11:51:29,2018-10-17 11:51:44,14.694s,PASSED
beautytap.ShopAction.VerifyProductDetails,Chrome 69.0.3497.100,,2018-10-17 11:51:44,2018-10-17 11:51:44,0.296s,PASSED
beautytap.ShopAction.selectCategory,Chrome 69.0.3497.100,"VP16: Verify AFTER schedule, regular price display on Product List",2018-10-17 11:51:44,2018-10-17 11:51:53,8.521s,PASSED
beautytap.ShopAction.findProductOnProductList,Chrome 69.0.3497.100,,2018-10-17 11:51:53,2018-10-17 11:52:09,16.354s,PASSED
beautytap.ShopAction.VerifyProductOnProductList,Chrome 69.0.3497.100,,2018-10-17 11:52:09,2018-10-17 11:52:10,1.032s,PASSED
beautytap.ShopAction.selectProductOnProductList,Chrome 69.0.3497.100,Add product to cart,2018-10-17 11:52:10,2018-10-17 11:52:18,8.322s,PASSED
beautytap.ShopAction.addProductToCart,Chrome 69.0.3497.100,,2018-10-17 11:52:18,2018-10-17 11:52:32,14.048s,PASSED
beautytap.ShopAction.goToCart,Chrome 69.0.3497.100,Go to cart,2018-10-17 11:52:32,2018-10-17 11:52:41,8.268s,PASSED
beautytap.ShopAction.VerifyProductInCart,Chrome 69.0.3497.100,"VP17: Verify AFTER schedule, regular price display in cart",2018-10-17 11:52:41,2018-10-17 11:52:41,0.296s,PASSED
beautytap.ShopAction.loginAmazonPay,Chrome 69.0.3497.100,Checkout via amazon pay,2018-10-17 11:52:41,2018-10-17 11:53:17,35.874s,PASSED
"Statement - productArrayAfter = ""[{""productname"":"""" + productName + """",""variation"":"""",""quantity"":"""" + quantity + """",""price"":"""" + regularPrice + """"}]""",Chrome 69.0.3497.100,"VP18: Verify AFTER schedule, regular price display in Checkout",2018-10-17 11:53:17,2018-10-17 11:53:17,0.016s,PASSED
Statement - productsAfter = new org.json.JSONArray(productArrayAfter),Chrome 69.0.3497.100,,2018-10-17 11:53:17,2018-10-17 11:53:17,0.013s,PASSED
beautytap.ShopAction.VerifyOrderDetailsOnCheckout,Chrome 69.0.3497.100,,2018-10-17 11:53:17,2018-10-17 11:53:17,0.311s,PASSED
beautytap.ShopAction.checkoutViaAmazonPay,Chrome 69.0.3497.100,,2018-10-17 11:53:17,2018-10-17 11:53:35,17.914s,PASSED
beautytap.ShopAction.VerifyOrderReceivedDetails,Chrome 69.0.3497.100,"VP19: Verify AFTER schedule, regular price display in Order Received",2018-10-17 11:53:35,2018-10-17 11:53:41,5.878s,PASSED
closeBrowser,Chrome 69.0.3497.100,,2018-10-17 11:53:41,2018-10-17 11:53:42,1.044s,PASSED
,,,,,,
Test Cases/SignUp_Login_ResetPass/TC01_SignUp_Login_ResetPassword_Via_Email,Chrome 69.0.3497.100,,2018-10-17 11:53:45,2018-10-17 11:58:37,4m - 52.131s,PASSED
"Statement - r_string = new java.lang.Math().random().toString().substring(2, 8)",Chrome 69.0.3497.100,,2018-10-17 11:53:45,2018-10-17 11:53:45,0.024s,PASSED
"Statement - username = ""auto"" + r_string",Chrome 69.0.3497.100,,2018-10-17 11:53:45,2018-10-17 11:53:45,0.018s,PASSED
"Statement - email = username + ""@mailinator.com""",Chrome 69.0.3497.100,,2018-10-17 11:53:45,2018-10-17 11:53:45,0.010s,PASSED
"Statement - password = ""123456""",Chrome 69.0.3497.100,,2018-10-17 11:53:45,2018-10-17 11:53:45,0.010s,PASSED
"Statement - newpassword = ""test123""",Chrome 69.0.3497.100,,2018-10-17 11:53:45,2018-10-17 11:53:45,0.010s,PASSED
"Statement - name = ""Auto User "" + r_string",Chrome 69.0.3497.100,,2018-10-17 11:53:45,2018-10-17 11:53:45,0.014s,PASSED
"Statement - birthday = ""01/01/1990""",Chrome 69.0.3497.100,,2018-10-17 11:53:45,2018-10-17 11:53:45,0.011s,PASSED
"Statement - activation_subject = SITE_TITLE + "" Activate your account""",Chrome 69.0.3497.100,,2018-10-17 11:53:45,2018-10-17 11:53:45,0.014s,PASSED
"Statement - resetpass_subject = SITE_TITLE + "" Password Reset""",Chrome 69.0.3497.100,,2018-10-17 11:53:45,2018-10-17 11:53:45,0.050s,PASSED
beautytap.GeneralAction.openBeautytap,Chrome 69.0.3497.100,,2018-10-17 11:53:45,2018-10-17 11:54:19,33.453s,PASSED
beautytap.GeneralAction.clickNavigationMenu,Chrome 69.0.3497.100,,2018-10-17 11:54:19,2018-10-17 11:54:22,3.640s,PASSED
beautytap.GeneralAction.signup,Chrome 69.0.3497.100,,2018-10-17 11:54:22,2018-10-17 11:54:24,1.565s,PASSED
verifyElementPresent,Chrome 69.0.3497.100,VP1: Verify message displays: Registration successful. A verification email has been sent to you. Please check your inbox.,2018-10-17 11:54:24,2018-10-17 11:54:34,10.390s,PASSED
beautytap.GeneralAction.openMailBox,Chrome 69.0.3497.100,,2018-10-17 11:54:34,2018-10-17 11:54:48,13.562s,PASSED
beautytap.GeneralAction.verifyEmailExist,Chrome 69.0.3497.100,VP2: Verify activation email exist,2018-10-17 11:54:48,2018-10-17 11:54:48,0.040s,PASSED
beautytap.GeneralAction.openEmail,Chrome 69.0.3497.100,,2018-10-17 11:54:48,2018-10-17 11:54:48,0.175s,PASSED
beautytap.GeneralAction.clickEmailLink,Chrome 69.0.3497.100,,2018-10-17 11:54:48,2018-10-17 11:55:16,27.486s,PASSED
waitForPageLoad,Chrome 69.0.3497.100,,2018-10-17 11:55:16,2018-10-17 11:55:16,0.025s,PASSED
verifyElementPresent,Chrome 69.0.3497.100,VP3: Verify message display: Your account is now active!,2018-10-17 11:55:16,2018-10-17 11:55:16,0.050s,PASSED
beautytap.GeneralAction.clickNavigationMenu,Chrome 69.0.3497.100,,2018-10-17 11:55:16,2018-10-17 11:55:20,4.021s,PASSED
beautytap.GeneralAction.login,Chrome 69.0.3497.100,Login with username and password,2018-10-17 11:55:20,2018-10-17 11:55:21,0.759s,PASSED
verifyElementPresent,Chrome 69.0.3497.100,VP4: Verify avatar icon displays,2018-10-17 11:55:21,2018-10-17 11:55:42,20.979s,PASSED
beautytap.GeneralAction.logout,Chrome 69.0.3497.100,,2018-10-17 11:55:42,2018-10-17 11:55:42,0.514s,PASSED
beautytap.GeneralAction.clickNavigationMenu,Chrome 69.0.3497.100,,2018-10-17 11:55:42,2018-10-17 11:55:54,11.602s,PASSED
beautytap.GeneralAction.login,Chrome 69.0.3497.100,Login with email and password,2018-10-17 11:55:54,2018-10-17 11:55:55,0.908s,PASSED
verifyElementPresent,Chrome 69.0.3497.100,VP5: Verify avatar icon displays,2018-10-17 11:55:55,2018-10-17 11:56:17,22.225s,PASSED
beautytap.GeneralAction.logout,Chrome 69.0.3497.100,,2018-10-17 11:56:17,2018-10-17 11:56:18,1.003s,PASSED
beautytap.GeneralAction.clickNavigationMenu,Chrome 69.0.3497.100,RESET PASSWORD,2018-10-17 11:56:18,2018-10-17 11:56:29,11.602s,PASSED
click,Chrome 69.0.3497.100,,2018-10-17 11:56:29,2018-10-17 11:56:32,3.051s,PASSED
sendKeys,Chrome 69.0.3497.100,,2018-10-17 11:56:32,2018-10-17 11:56:33,0.211s,PASSED
click,Chrome 69.0.3497.100,,2018-10-17 11:56:33,2018-10-17 11:56:33,0.217s,PASSED
verifyElementPresent,Chrome 69.0.3497.100,VP6:Verify message display: Your password has been reset! Please check your email for the confirmation link.,2018-10-17 11:56:33,2018-10-17 11:56:39,5.801s,PASSED
beautytap.GeneralAction.openMailBox,Chrome 69.0.3497.100,,2018-10-17 11:56:39,2018-10-17 11:56:51,12.262s,PASSED
beautytap.GeneralAction.verifyEmailExist,Chrome 69.0.3497.100,VP7: Verify reset password email exist,2018-10-17 11:56:51,2018-10-17 11:56:51,0.055s,PASSED
beautytap.GeneralAction.openEmail,Chrome 69.0.3497.100,,2018-10-17 11:56:51,2018-10-17 11:56:51,0.160s,PASSED
beautytap.GeneralAction.clickEmailLink,Chrome 69.0.3497.100,,2018-10-17 11:56:51,2018-10-17 11:56:56,5.315s,PASSED
delay,Chrome 69.0.3497.100,,2018-10-17 11:56:56,2018-10-17 11:57:16,20.023s,PASSED
clearText,Chrome 69.0.3497.100,,2018-10-17 11:57:16,2018-10-17 11:57:17,0.163s,PASSED
sendKeys,Chrome 69.0.3497.100,,2018-10-17 11:57:17,2018-10-17 11:57:17,0.236s,PASSED
click,Chrome 69.0.3497.100,,2018-10-17 11:57:17,2018-10-17 11:57:23,6.312s,PASSED
verifyElementPresent,Chrome 69.0.3497.100,VP8: Verify message displays: Your password has been reset.,2018-10-17 11:57:23,2018-10-17 11:57:23,0.047s,PASSED
beautytap.GeneralAction.clickNavigationMenu,Chrome 69.0.3497.100,,2018-10-17 11:57:23,2018-10-17 11:57:27,4.174s,PASSED
beautytap.GeneralAction.login,Chrome 69.0.3497.100,,2018-10-17 11:57:27,2018-10-17 11:57:28,0.881s,PASSED
verifyElementText,Chrome 69.0.3497.100,VP9: Verify message displays: Wrong Password when logging in with old password,2018-10-17 11:57:28,2018-10-17 11:57:29,0.646s,PASSED
beautytap.GeneralAction.login,Chrome 69.0.3497.100,,2018-10-17 11:57:29,2018-10-17 11:57:30,0.664s,PASSED
verifyElementPresent,Chrome 69.0.3497.100,VP10: User can login successfully with username and new password,2018-10-17 11:57:30,2018-10-17 11:57:50,20.158s,PASSED
beautytap.GeneralAction.logout,Chrome 69.0.3497.100,,2018-10-17 11:57:50,2018-10-17 11:57:51,1.649s,PASSED
beautytap.GeneralAction.clickNavigationMenu,Chrome 69.0.3497.100,,2018-10-17 11:57:51,2018-10-17 11:58:10,18.824s,PASSED
beautytap.GeneralAction.login,Chrome 69.0.3497.100,,2018-10-17 11:58:10,2018-10-17 11:58:11,0.993s,PASSED
verifyElementPresent,Chrome 69.0.3497.100,VP11: Verify user can login with email and new password,2018-10-17 11:58:11,2018-10-17 11:58:32,21.274s,PASSED
beautytap.GeneralAction.logout,Chrome 69.0.3497.100,,2018-10-17 11:58:32,2018-10-17 11:58:35,2.106s,PASSED
,,,,,,
Test Cases/SignUp_Login_ResetPass/TC02_SignUp_Login_ViaFacebookEmail_NewUser_OldUser,Chrome 69.0.3497.100,,2018-10-17 11:58:37,2018-10-17 12:04:55,6m - 17.689s,PASSED
beautytap.AdminAction.deleteUser,Chrome 69.0.3497.100,,2018-10-17 11:58:37,2018-10-17 11:59:29,51.658s,PASSED
beautytap.GeneralAction.openBeautytap,Chrome 69.0.3497.100,,2018-10-17 11:59:29,2018-10-17 12:00:08,39.293s,PASSED
beautytap.GeneralAction.clickNavigationMenu,Chrome 69.0.3497.100,SIGNUP VIA FACEBOOK NOT EXIST IN SYSTEM,2018-10-17 12:00:08,2018-10-17 12:00:13,4.561s,PASSED
beautytap.GeneralAction.signupViaFacebook,Chrome 69.0.3497.100,,2018-10-17 12:00:13,2018-10-17 12:00:42,28.716s,PASSED
verifyElementPresent,Chrome 69.0.3497.100,VP1: Verify user is logged in after Signup via Facebook,2018-10-17 12:00:42,2018-10-17 12:00:42,0.058s,PASSED
beautytap.GeneralAction.logout,Chrome 69.0.3497.100,,2018-10-17 12:00:42,2018-10-17 12:00:43,1.654s,PASSED
beautytap.AdminAction.deleteUser,Chrome 69.0.3497.100,LOGIN VIA FACEBOOK NOT EXIST IN SYSTEM,2018-10-17 12:00:43,2018-10-17 12:01:29,45.456s,PASSED
beautytap.GeneralAction.openBeautytap,Chrome 69.0.3497.100,,2018-10-17 12:01:29,2018-10-17 12:02:06,37.310s,PASSED
beautytap.GeneralAction.clickNavigationMenu,Chrome 69.0.3497.100,,2018-10-17 12:02:06,2018-10-17 12:02:10,3.551s,PASSED
beautytap.GeneralAction.login,Chrome 69.0.3497.100,,2018-10-17 12:02:10,2018-10-17 12:02:14,4.405s,PASSED
verifyElementPresent,Chrome 69.0.3497.100,VP2: Verify user is logged in via Facebook ,2018-10-17 12:02:14,2018-10-17 12:02:36,22.036s,PASSED
beautytap.GeneralAction.logout,Chrome 69.0.3497.100,,2018-10-17 12:02:36,2018-10-17 12:02:37,1.493s,PASSED
beautytap.GeneralAction.openBeautytap,Chrome 69.0.3497.100,SIGNUP VIA FACEBOOK ALREADY EXIST IN SYSTEM,2018-10-17 12:02:37,2018-10-17 12:03:03,25.787s,PASSED
beautytap.GeneralAction.clickNavigationMenu,Chrome 69.0.3497.100,,2018-10-17 12:03:03,2018-10-17 12:03:07,3.755s,PASSED
beautytap.GeneralAction.signupViaFacebook,Chrome 69.0.3497.100,,2018-10-17 12:03:07,2018-10-17 12:03:34,27.363s,PASSED
verifyElementPresent,Chrome 69.0.3497.100,VP3: Verify user is logged in after Signup via Facebook,2018-10-17 12:03:34,2018-10-17 12:03:34,0.051s,PASSED
beautytap.GeneralAction.logout,Chrome 69.0.3497.100,,2018-10-17 12:03:34,2018-10-17 12:03:45,10.302s,PASSED
beautytap.GeneralAction.openBeautytap,Chrome 69.0.3497.100,LOGIN VIA FACEBOOK ALREADY EXIST IN SYSTEM,2018-10-17 12:03:45,2018-10-17 12:04:21,35.877s,PASSED
beautytap.GeneralAction.clickNavigationMenu,Chrome 69.0.3497.100,,2018-10-17 12:04:21,2018-10-17 12:04:24,3.732s,PASSED
beautytap.GeneralAction.login,Chrome 69.0.3497.100,,2018-10-17 12:04:24,2018-10-17 12:04:29,4.653s,PASSED
verifyElementPresent,Chrome 69.0.3497.100,VP4: Verify user is logged in via Facebook,2018-10-17 12:04:29,2018-10-17 12:04:51,21.744s,PASSED
beautytap.GeneralAction.logout,Chrome 69.0.3497.100,,2018-10-17 12:04:51,2018-10-17 12:04:52,1.478s,PASSED
,,,,,,
Test Cases/Shop/TC07_BuyProduct_EarnPendingPoint_EarnRedeemablePoint,Chrome 69.0.3497.100,"1. Login as user
2. Go to My Rewoard get current multiplier, lifetime, pending, redeemable points, point value
3. By a product then process to checkout
VP1: Verify reward on checkout page: Rewards earned = (subtotal-discount)*multiplier
4. Checkout
VP2: Verify reward on Order received page: Rewards earned = (subtotal-discount)*multiplier
5. Go to Reward page
VP3: Verify reward detail: lifetime:notchange,pending=current pending+reward, redeemable:notchange,point value: not change
VP4: Verify reward history: 1 row with sataut pending,1 row with status processing
6. Login as Admin
7. Change order status to complete
8. Login as user
VP5: Verify notification order complete
VP6: Verify email order complete with reward point
9. Go to reward page
VP7: Verify reward detail: lifetime=lifetime+reward,pending=pending-reward, redeemable=redeemable+reward,point value: associate with reward
VP8: Verify reward history: 1 row with sataut complete
",2018-10-17 12:04:55,2018-10-17 12:11:13,6m - 18.670s,PASSED
Statement - username = USER_EMAIL,Chrome 69.0.3497.100,,2018-10-17 12:04:55,2018-10-17 12:04:55,0.026s,PASSED
Statement - password = USER_PASSWORD,Chrome 69.0.3497.100,,2018-10-17 12:04:55,2018-10-17 12:04:55,0.020s,PASSED
Statement - productName = SIMPLE_PRODUCT,Chrome 69.0.3497.100,,2018-10-17 12:04:55,2018-10-17 12:04:55,0.045s,PASSED
Statement - price = SIMPLE_PRODUCT_PRICE,Chrome 69.0.3497.100,,2018-10-17 12:04:55,2018-10-17 12:04:55,0.023s,PASSED
Statement - quantity = 3,Chrome 69.0.3497.100,,2018-10-17 12:04:55,2018-10-17 12:04:55,0.017s,PASSED
Statement - shippingLabel = FREE_SHIPPING_LABEL,Chrome 69.0.3497.100,,2018-10-17 12:04:55,2018-10-17 12:04:55,0.045s,PASSED
Statement - shippingPrice = 0,Chrome 69.0.3497.100,,2018-10-17 12:04:55,2018-10-17 12:04:55,0.009s,PASSED
"Statement - subtotal = CustomKeywords.beautytap.ShopAction.calculateTotal(quantity, price)",Chrome 69.0.3497.100,,2018-10-17 12:04:55,2018-10-17 12:04:55,0.042s,PASSED
Statement - total = subtotal + shippingPrice,Chrome 69.0.3497.100,,2018-10-17 12:04:55,2018-10-17 12:04:55,0.012s,PASSED
"Statement - products = new org.json.JSONArray((((((([{""productname"":"" + productName) + "",""variation"":"""",""quantity"":"") + quantity) + "",""price"":"") + price) + ""}]))",Chrome 69.0.3497.100,,2018-10-17 12:04:55,2018-10-17 12:04:55,0.049s,PASSED
"Statement - billingInformation = new org.json.JSONObject((({""firstname"":""Test"",""lastname"":""Automation"",""country"":""United States (US)"",""address"":""123 Testing"",""city"":""New York"",""state"":""New York"",""zip"":""90012"",""email"":"" + username) + ""}))",Chrome 69.0.3497.100,,2018-10-17 12:04:55,2018-10-17 12:04:55,0.039s,PASSED
"Statement - paymentMethod = ""PayPal""",Chrome 69.0.3497.100,,2018-10-17 12:04:55,2018-10-17 12:04:55,0.053s,PASSED
beautytap.GeneralAction.openBeautytap,Chrome 69.0.3497.100,,2018-10-17 12:04:55,2018-10-17 12:05:18,23.033s,PASSED
beautytap.GeneralAction.clickNavigationMenu,Chrome 69.0.3497.100,,2018-10-17 12:05:18,2018-10-17 12:05:22,3.632s,PASSED
beautytap.GeneralAction.login,Chrome 69.0.3497.100,,2018-10-17 12:05:22,2018-10-17 12:05:23,0.917s,PASSED
beautytap.GeneralAction.selectProfileMenu,Chrome 69.0.3497.100,,2018-10-17 12:05:23,2018-10-17 12:05:50,26.950s,PASSED
Statement - objReward = CustomKeywords.beautytap.ShopAction.getRewardDetails(),Chrome 69.0.3497.100,"Get current multiplier, lifetime, pending, redeemable points, point value",2018-10-17 12:05:50,2018-10-17 12:05:50,0.510s,PASSED
"Statement - multiplier = java.lang.Float.parseFloat(objReward.get(""multiplier""))",Chrome 69.0.3497.100,,2018-10-17 12:05:50,2018-10-17 12:05:50,0.007s,PASSED
"Statement - currentlevel = objReward.get(""currentlevel"")",Chrome 69.0.3497.100,,2018-10-17 12:05:50,2018-10-17 12:05:50,0.005s,PASSED
"Statement - lifetime = java.lang.Float.parseFloat(objReward.get(""lifetime""))",Chrome 69.0.3497.100,,2018-10-17 12:05:50,2018-10-17 12:05:50,0.007s,PASSED
"Statement - pending = java.lang.Float.parseFloat(objReward.get(""pending""))",Chrome 69.0.3497.100,,2018-10-17 12:05:50,2018-10-17 12:05:50,0.006s,PASSED
"Statement - redeemable = java.lang.Float.parseFloat(objReward.get(""redeemable""))",Chrome 69.0.3497.100,,2018-10-17 12:05:50,2018-10-17 12:05:50,0.011s,PASSED
"Statement - pointvalue = java.lang.Float.parseFloat(objReward.get(""pointvalue""))",Chrome 69.0.3497.100,,2018-10-17 12:05:50,2018-10-17 12:05:50,0.012s,PASSED
Statement - format = new java.text.DecimalFormat(0.##),Chrome 69.0.3497.100,,2018-10-17 12:05:50,2018-10-17 12:05:50,0.013s,PASSED
Statement - rewardEarned = java.lang.Float.parseFloat(format.format(multiplier * subtotal)),Chrome 69.0.3497.100,,2018-10-17 12:05:50,2018-10-17 12:05:50,0.008s,PASSED
"Statement - notificationMessage = ""You received "" + rewardEarned + "" redeemable points""",Chrome 69.0.3497.100,,2018-10-17 12:05:50,2018-10-17 12:05:50,0.006s,PASSED
beautytap.ShopAction.globalSearch,Chrome 69.0.3497.100,Buy a product,2018-10-17 12:05:50,2018-10-17 12:06:01,10.469s,PASSED
beautytap.ShopAction.selectSearchResult,Chrome 69.0.3497.100,,2018-10-17 12:06:01,2018-10-17 12:06:10,9.467s,PASSED
beautytap.ShopAction.addProductToCart,Chrome 69.0.3497.100,,2018-10-17 12:06:10,2018-10-17 12:06:23,12.489s,PASSED
beautytap.ShopAction.goToCart,Chrome 69.0.3497.100,,2018-10-17 12:06:23,2018-10-17 12:06:30,6.777s,PASSED
beautytap.ShopAction.processToCheckout,Chrome 69.0.3497.100,Process to checkout,2018-10-17 12:06:30,2018-10-17 12:06:37,7.804s,PASSED
beautytap.ShopAction.fillCustomerInformation,Chrome 69.0.3497.100,,2018-10-17 12:06:37,2018-10-17 12:06:52,14.015s,PASSED
beautytap.ShopAction.VerifyOrderDetailsOnCheckout,Chrome 69.0.3497.100,VP1: Verify order details on checkout,2018-10-17 12:06:52,2018-10-17 12:06:52,0.337s,PASSED
beautytap.ShopAction.VerifyRewardEarned,Chrome 69.0.3497.100,VP2: Verify reward on checkout page: Rewards earned = (subtotal-discount)*multiplier,2018-10-17 12:06:52,2018-10-17 12:06:52,0.573s,PASSED
beautytap.ShopAction.checkoutViaPaypal,Chrome 69.0.3497.100,,2018-10-17 12:06:52,2018-10-17 12:07:51,58.150s,PASSED
beautytap.ShopAction.VerifyOrderReceivedDetails,Chrome 69.0.3497.100,VP3: Verify order details on Order Recieved,2018-10-17 12:07:51,2018-10-17 12:07:56,5.769s,PASSED
beautytap.ShopAction.VerifyRewardEarned,Chrome 69.0.3497.100,VP4: Verify reward on Order received page: Rewards earned = (subtotal-discount)*multiplier,2018-10-17 12:07:56,2018-10-17 12:07:57,0.421s,PASSED
Statement - orderInfo = CustomKeywords.beautytap.ShopAction.getOrderInfoOnOrderReceived(),Chrome 69.0.3497.100,,2018-10-17 12:07:57,2018-10-17 12:07:57,0.168s,PASSED
"Statement - orderNumber = orderInfo.get(""ordernumber"")",Chrome 69.0.3497.100,,2018-10-17 12:07:57,2018-10-17 12:07:57,0.009s,PASSED
"Statement - orderDate = orderInfo.get(""date"")",Chrome 69.0.3497.100,,2018-10-17 12:07:57,2018-10-17 12:07:57,0.011s,PASSED
"Statement - completeOrderSubject = ""Your "" + SITE_TITLE + "" order from "" + orderDate + "" is complete""",Chrome 69.0.3497.100,,2018-10-17 12:07:57,2018-10-17 12:07:57,0.006s,PASSED
"Statement - completeOrderSubject = completeOrderSubject.replace(""["", """").replace(""]"", """")",Chrome 69.0.3497.100,,2018-10-17 12:07:57,2018-10-17 12:07:57,0.009s,PASSED
beautytap.GeneralAction.selectProfileMenu,Chrome 69.0.3497.100,Go to My Rewards page,2018-10-17 12:07:57,2018-10-17 12:08:04,7.226s,PASSED
"Statement - newPending = java.lang.Float.parseFloat(java.lang.String.format(""%.2f"", pending + rewardEarned))",Chrome 69.0.3497.100,"VP5: Verify reward detail: lifetime=no change,pending=current pending+reward, redeemable=no change,point value: no change",2018-10-17 12:08:04,2018-10-17 12:08:04,0.008s,PASSED
beautytap.ShopAction.VerifyRewardPointsDetails,Chrome 69.0.3497.100,,2018-10-17 12:08:04,2018-10-17 12:08:04,0.255s,PASSED
beautytap.ShopAction.VerifyRewardHistory,Chrome 69.0.3497.100,"VP6: Verify reward history: 1 row with sataut pending,1 row with status processing",2018-10-17 12:08:04,2018-10-17 12:08:05,0.352s,PASSED
beautytap.ShopAction.VerifyRewardHistory,Chrome 69.0.3497.100,,2018-10-17 12:08:05,2018-10-17 12:08:05,0.494s,PASSED
beautytap.GeneralAction.logout,Chrome 69.0.3497.100,Logout,2018-10-17 12:08:05,2018-10-17 12:08:06,1.085s,PASSED
beautytap.GeneralAction.clickNavigationMenu,Chrome 69.0.3497.100,Login As Admin,2018-10-17 12:08:06,2018-10-17 12:08:20,13.789s,PASSED
beautytap.GeneralAction.login,Chrome 69.0.3497.100,,2018-10-17 12:08:20,2018-10-17 12:08:21,0.794s,PASSED
navigateToUrl,Chrome 69.0.3497.100,Go to Woocommerce > Orders > Change order status to Completed,2018-10-17 12:08:21,2018-10-17 12:08:32,10.783s,PASSED
beautytap.AdminAction.changeOrderStatus,Chrome 69.0.3497.100,,2018-10-17 12:08:32,2018-10-17 12:09:30,58.224s,PASSED
beautytap.GeneralAction.openMailBox,Chrome 69.0.3497.100,VP7: Verify user recieve notification email with redeemable point,2018-10-17 12:09:30,2018-10-17 12:09:45,14.887s,PASSED
beautytap.GeneralAction.verifyEmailExist,Chrome 69.0.3497.100,,2018-10-17 12:09:45,2018-10-17 12:09:45,0.053s,PASSED
beautytap.GeneralAction.openEmail,Chrome 69.0.3497.100,,2018-10-17 12:09:45,2018-10-17 12:09:45,0.225s,PASSED
beautytap.ShopAction.VerifyOrderCompleteEmail,Chrome 69.0.3497.100,,2018-10-17 12:09:45,2018-10-17 12:09:52,6.720s,PASSED
closeBrowser,Chrome 69.0.3497.100,Logout,2018-10-17 12:09:52,2018-10-17 12:09:53,1.154s,PASSED
beautytap.GeneralAction.openBeautytap,Chrome 69.0.3497.100,Login again,2018-10-17 12:09:53,2018-10-17 12:10:29,36.336s,PASSED
beautytap.GeneralAction.clickNavigationMenu,Chrome 69.0.3497.100,,2018-10-17 12:10:29,2018-10-17 12:10:34,4.458s,PASSED
beautytap.GeneralAction.login,Chrome 69.0.3497.100,,2018-10-17 12:10:34,2018-10-17 12:10:35,1.015s,PASSED
beautytap.GeneralAction.VerifyNotificationText,Chrome 69.0.3497.100,VP8: Verify notification: You received [#] redeemable points,2018-10-17 12:10:35,2018-10-17 12:11:01,25.986s,PASSED
beautytap.GeneralAction.selectProfileMenu,Chrome 69.0.3497.100,Go to My Rewards page,2018-10-17 12:11:01,2018-10-17 12:11:08,7.272s,PASSED
"Statement - newLifetime = java.lang.Float.parseFloat(java.lang.String.format(""%.2f"", lifetime + rewardEarned))",Chrome 69.0.3497.100,"VP9: Verify reward detail: lifetime=lifetime+reward,pending=pending-reward, redeemable=redeemable+reward,point value: associate with reward",2018-10-17 12:11:08,2018-10-17 12:11:08,0.010s,PASSED
"Statement - newRedeemable = java.lang.Float.parseFloat(java.lang.String.format(""%.2f"", redeemable + rewardEarned))",Chrome 69.0.3497.100,,2018-10-17 12:11:08,2018-10-17 12:11:08,0.010s,PASSED
Statement - newPointValue = CustomKeywords.beautytap.ShopAction.calculateLoyaltyPointValue(newRedeemable),Chrome 69.0.3497.100,,2018-10-17 12:11:08,2018-10-17 12:11:08,0.014s,PASSED
beautytap.ShopAction.VerifyRewardPointsDetails,Chrome 69.0.3497.100,,2018-10-17 12:11:08,2018-10-17 12:11:08,0.269s,PASSED
beautytap.ShopAction.VerifyRewardHistory,Chrome 69.0.3497.100,VP10: Verify reward history: 1 row with sataut complete,2018-10-17 12:11:08,2018-10-17 12:11:09,0.348s,PASSED
beautytap.GeneralAction.logout,Chrome 69.0.3497.100,,2018-10-17 12:11:09,2018-10-17 12:11:11,2.113s,PASSED
,,,,,,
Test Cases/Shop/TC08_BuyProduct_UsingRewardPoint,Chrome 69.0.3497.100,,2018-10-17 12:11:13,2018-10-17 12:17:03,5m - 49.664s,PASSED
Statement - username = USER_EMAIL,Chrome 69.0.3497.100,,2018-10-17 12:11:14,2018-10-17 12:11:14,0.017s,PASSED
Statement - password = USER_PASSWORD,Chrome 69.0.3497.100,,2018-10-17 12:11:14,2018-10-17 12:11:14,0.022s,PASSED
Statement - productName = SIMPLE_PRODUCT,Chrome 69.0.3497.100,,2018-10-17 12:11:14,2018-10-17 12:11:14,0.024s,PASSED
Statement - price = SIMPLE_PRODUCT_PRICE,Chrome 69.0.3497.100,,2018-10-17 12:11:14,2018-10-17 12:11:14,0.014s,PASSED
Statement - quantity = 3,Chrome 69.0.3497.100,,2018-10-17 12:11:14,2018-10-17 12:11:14,0.034s,PASSED
Statement - shippingLabel = FREE_SHIPPING_LABEL,Chrome 69.0.3497.100,,2018-10-17 12:11:14,2018-10-17 12:11:14,0.025s,PASSED
Statement - shippingPrice = 0,Chrome 69.0.3497.100,,2018-10-17 12:11:14,2018-10-17 12:11:14,0.010s,PASSED
Statement - pointUsed = 60,Chrome 69.0.3497.100,,2018-10-17 12:11:14,2018-10-17 12:11:14,0.012s,PASSED
Statement - pointValueUsed = 2,Chrome 69.0.3497.100,,2018-10-17 12:11:14,2018-10-17 12:11:14,0.012s,PASSED
"Statement - subtotal = CustomKeywords.beautytap.ShopAction.calculateTotal(quantity, price)",Chrome 69.0.3497.100,,2018-10-17 12:11:14,2018-10-17 12:11:14,0.011s,PASSED
"Statement - subtotalApplyReward = java.lang.Float.parseFloat(java.lang.String.format(""%.2f"", subtotal - pointValueUsed))",Chrome 69.0.3497.100,,2018-10-17 12:11:14,2018-10-17 12:11:14,0.009s,PASSED
"Statement - total = java.lang.Float.parseFloat(java.lang.String.format(""%.2f"", subtotal - pointValueUsed + shippingPrice))",Chrome 69.0.3497.100,,2018-10-17 12:11:14,2018-10-17 12:11:14,0.008s,PASSED
"Statement - products = new org.json.JSONArray((((((([{""productname"":"" + productName) + "",""variation"":"""",""quantity"":"") + quantity) + "",""price"":"") + price) + ""}]))",Chrome 69.0.3497.100,,2018-10-17 12:11:14,2018-10-17 12:11:14,0.017s,PASSED
"Statement - billingInformation = new org.json.JSONObject((({""firstname"":""Test"",""lastname"":""Automation"",""country"":""United States (US)"",""address"":""123 Testing"",""city"":""New York"",""state"":""New York"",""zip"":""90012"",""email"":"" + username) + ""}))",Chrome 69.0.3497.100,,2018-10-17 12:11:14,2018-10-17 12:11:14,0.013s,PASSED
"Statement - paymentMethod = ""PayPal""",Chrome 69.0.3497.100,,2018-10-17 12:11:14,2018-10-17 12:11:14,0.025s,PASSED
beautytap.GeneralAction.openBeautytap,Chrome 69.0.3497.100,,2018-10-17 12:11:14,2018-10-17 12:11:38,24.043s,PASSED
beautytap.GeneralAction.clickNavigationMenu,Chrome 69.0.3497.100,,2018-10-17 12:11:38,2018-10-17 12:11:42,3.847s,PASSED
beautytap.GeneralAction.login,Chrome 69.0.3497.100,,2018-10-17 12:11:42,2018-10-17 12:11:43,0.895s,PASSED
beautytap.GeneralAction.selectProfileMenu,Chrome 69.0.3497.100,,2018-10-17 12:11:43,2018-10-17 12:12:11,28.482s,PASSED
Statement - objReward = CustomKeywords.beautytap.ShopAction.getRewardDetails(),Chrome 69.0.3497.100,"Get current multiplier, lifetime, pending, redeemable points, point value",2018-10-17 12:12:11,2018-10-17 12:12:12,0.424s,PASSED
"Statement - multiplier = java.lang.Float.parseFloat(objReward.get(""multiplier""))",Chrome 69.0.3497.100,,2018-10-17 12:12:12,2018-10-17 12:12:12,0.006s,PASSED
"Statement - currentlevel = objReward.get(""currentlevel"")",Chrome 69.0.3497.100,,2018-10-17 12:12:12,2018-10-17 12:12:12,0.008s,PASSED
"Statement - lifetime = java.lang.Float.parseFloat(objReward.get(""lifetime""))",Chrome 69.0.3497.100,,2018-10-17 12:12:12,2018-10-17 12:12:12,0.006s,PASSED
"Statement - pending = java.lang.Float.parseFloat(objReward.get(""pending""))",Chrome 69.0.3497.100,,2018-10-17 12:12:12,2018-10-17 12:12:12,0.005s,PASSED
"Statement - redeemable = java.lang.Float.parseFloat(objReward.get(""redeemable""))",Chrome 69.0.3497.100,,2018-10-17 12:12:12,2018-10-17 12:12:12,0.010s,PASSED
"Statement - pointvalue = java.lang.Float.parseFloat(objReward.get(""pointvalue""))",Chrome 69.0.3497.100,,2018-10-17 12:12:12,2018-10-17 12:12:12,0.008s,PASSED
"Statement - rewardEarned = java.lang.Float.parseFloat(java.lang.String.format(""%.2f"", multiplier * subtotal - pointValueUsed))",Chrome 69.0.3497.100,,2018-10-17 12:12:12,2018-10-17 12:12:12,0.010s,PASSED
beautytap.ShopAction.globalSearch,Chrome 69.0.3497.100,Buy a nother product and use reward point,2018-10-17 12:12:12,2018-10-17 12:12:22,10.405s,PASSED
beautytap.ShopAction.selectSearchResult,Chrome 69.0.3497.100,,2018-10-17 12:12:22,2018-10-17 12:12:32,9.855s,PASSED
beautytap.ShopAction.addProductToCart,Chrome 69.0.3497.100,,2018-10-17 12:12:32,2018-10-17 12:12:44,11.811s,PASSED
beautytap.ShopAction.goToCart,Chrome 69.0.3497.100,,2018-10-17 12:12:44,2018-10-17 12:12:51,6.687s,PASSED
beautytap.ShopAction.processToCheckout,Chrome 69.0.3497.100,Process to checkout,2018-10-17 12:12:51,2018-10-17 12:12:58,7.447s,PASSED
beautytap.ShopAction.applyLoyaltyRewardPoint,Chrome 69.0.3497.100,Apply Reward point,2018-10-17 12:12:58,2018-10-17 12:13:00,2.034s,PASSED
beautytap.ShopAction.fillCustomerInformation,Chrome 69.0.3497.100,Fill customer information,2018-10-17 12:13:00,2018-10-17 12:13:14,13.804s,PASSED
beautytap.ShopAction.VerifyOrderDetailsOnCheckout,Chrome 69.0.3497.100,VP1: Verify Order details on checkout page with reward discount,2018-10-17 12:13:14,2018-10-17 12:13:14,0.430s,PASSED
beautytap.ShopAction.VerifyRewardEarned,Chrome 69.0.3497.100,VP2: Verify reward on checkout page: Rewards earned = (subtotal-discount)*multiplier,2018-10-17 12:13:14,2018-10-17 12:13:15,0.438s,PASSED
beautytap.ShopAction.checkoutViaPaypal,Chrome 69.0.3497.100,Checkout via creditcard,2018-10-17 12:13:15,2018-10-17 12:14:12,57.238s,PASSED
beautytap.ShopAction.VerifyOrderReceivedDetails,Chrome 69.0.3497.100,VP3: Verify order details on Order Recieved,2018-10-17 12:14:12,2018-10-17 12:14:18,5.983s,PASSED
Statement - orderInfo = CustomKeywords.beautytap.ShopAction.getOrderInfoOnOrderReceived(),Chrome 69.0.3497.100,,2018-10-17 12:14:18,2018-10-17 12:14:18,0.154s,PASSED
"Statement - orderNumber = orderInfo.get(""ordernumber"")",Chrome 69.0.3497.100,,2018-10-17 12:14:18,2018-10-17 12:14:18,0.006s,PASSED
beautytap.ShopAction.VerifyRewardEarned,Chrome 69.0.3497.100,VP4: Verify reward on Order received page: Rewards earned = (subtotal-discount)*multiplier,2018-10-17 12:14:18,2018-10-17 12:14:18,0.421s,PASSED
beautytap.GeneralAction.selectProfileMenu,Chrome 69.0.3497.100,Go to My Rewards page,2018-10-17 12:14:18,2018-10-17 12:14:26,7.437s,PASSED
"Statement - newPending = java.lang.Float.parseFloat(java.lang.String.format(""%.2f"", pending + rewardEarned))",Chrome 69.0.3497.100,"VP5:lifetime=lifetime,pending=pending+reward, redeemable=redeemable-point used,point value=calculate base on new redeemable",2018-10-17 12:14:26,2018-10-17 12:14:26,0.018s,PASSED
"Statement - newRedeemable = java.lang.Float.parseFloat(java.lang.String.format(""%.2f"", redeemable - pointUsed))",Chrome 69.0.3497.100,,2018-10-17 12:14:26,2018-10-17 12:14:26,0.012s,PASSED
Statement - newPointValue = CustomKeywords.beautytap.ShopAction.calculateLoyaltyPointValue(newRedeemable),Chrome 69.0.3497.100,,2018-10-17 12:14:26,2018-10-17 12:14:26,0.012s,PASSED
beautytap.ShopAction.VerifyRewardPointsDetails,Chrome 69.0.3497.100,,2018-10-17 12:14:26,2018-10-17 12:14:27,0.622s,PASSED
beautytap.ShopAction.VerifyRewardHistory,Chrome 69.0.3497.100,"VP6: Verify reward history: 1 row with status pending,1 row with status processing",2018-10-17 12:14:27,2018-10-17 12:14:27,0.546s,PASSED
beautytap.ShopAction.VerifyRewardHistory,Chrome 69.0.3497.100,,2018-10-17 12:14:27,2018-10-17 12:14:28,0.695s,PASSED
beautytap.GeneralAction.logout,Chrome 69.0.3497.100,Logout,2018-10-17 12:14:28,2018-10-17 12:14:30,1.698s,PASSED
beautytap.GeneralAction.clickNavigationMenu,Chrome 69.0.3497.100,Login As Admin,2018-10-17 12:14:30,2018-10-17 12:14:44,14.083s,PASSED
beautytap.GeneralAction.login,Chrome 69.0.3497.100,,2018-10-17 12:14:44,2018-10-17 12:14:45,1.150s,PASSED
navigateToUrl,Chrome 69.0.3497.100,Go to Woocommerce > Orders > Change order status to Completed,2018-10-17 12:14:45,2018-10-17 12:14:56,11.246s,PASSED
beautytap.AdminAction.changeOrderStatus,Chrome 69.0.3497.100,,2018-10-17 12:14:56,2018-10-17 12:15:49,53.118s,PASSED
closeBrowser,Chrome 69.0.3497.100,Logout,2018-10-17 12:15:49,2018-10-17 12:15:50,0.980s,PASSED
beautytap.GeneralAction.openBeautytap,Chrome 69.0.3497.100,Login again,2018-10-17 12:15:50,2018-10-17 12:16:24,33.467s,PASSED
beautytap.GeneralAction.clickNavigationMenu,Chrome 69.0.3497.100,,2018-10-17 12:16:24,2018-10-17 12:16:28,4.263s,PASSED
beautytap.GeneralAction.login,Chrome 69.0.3497.100,,2018-10-17 12:16:28,2018-10-17 12:16:29,1.096s,PASSED
beautytap.GeneralAction.selectProfileMenu,Chrome 69.0.3497.100,Go to My Rewards page,2018-10-17 12:16:29,2018-10-17 12:16:56,27.516s,PASSED
"Statement - newLifetime = java.lang.Float.parseFloat(java.lang.String.format(""%.2f"", lifetime + rewardEarned))",Chrome 69.0.3497.100,"VP9: Verify reward detail: lifetime=lifetime+reward,pending=pending-reward, redeemable=redeemable+reward-point used,point value: associate with reward",2018-10-17 12:16:56,2018-10-17 12:16:56,0.036s,PASSED
"Statement - newRedeemable = java.lang.Float.parseFloat(java.lang.String.format(""%.2f"", newRedeemable + rewardEarned))",Chrome 69.0.3497.100,,2018-10-17 12:16:56,2018-10-17 12:16:56,0.019s,PASSED
Statement - newPointValue = CustomKeywords.beautytap.ShopAction.calculateLoyaltyPointValue(newRedeemable),Chrome 69.0.3497.100,,2018-10-17 12:16:56,2018-10-17 12:16:57,0.037s,PASSED
beautytap.ShopAction.VerifyRewardPointsDetails,Chrome 69.0.3497.100,,2018-10-17 12:16:57,2018-10-17 12:16:57,0.770s,PASSED
beautytap.ShopAction.VerifyRewardHistory,Chrome 69.0.3497.100,VP10: Verify reward history: 1 row with sataut complete,2018-10-17 12:16:57,2018-10-17 12:16:58,0.886s,PASSED
beautytap.GeneralAction.logout,Chrome 69.0.3497.100,,2018-10-17 12:16:58,2018-10-17 12:17:00,2.290s,PASSED
,,,,,,
Test Cases/Shop/TC03_Search_SimpleProduct_Sale_Creditcard_LessThan60_Normal,Chrome 69.0.3497.100,,2018-10-17 12:17:03,2018-10-17 12:19:38,2m - 34.560s,PASSED
Statement - productName = SIMPLE_SALE_PRODUCT,Chrome 69.0.3497.100,,2018-10-17 12:17:03,2018-10-17 12:17:03,0.023s,PASSED
Statement - saleprice = SIMPLE_SALE_PRICE,Chrome 69.0.3497.100,,2018-10-17 12:17:03,2018-10-17 12:17:03,0.033s,PASSED
Statement - regularprice = SIMPLE_SALE_REGULAR_PRICE,Chrome 69.0.3497.100,,2018-10-17 12:17:03,2018-10-17 12:17:03,0.037s,PASSED
"Statement - r_string = new java.lang.Math().random().toString().substring(2, 8)",Chrome 69.0.3497.100,,2018-10-17 12:17:03,2018-10-17 12:17:04,0.026s,PASSED
"Statement - email = ""auto"" + r_string + ""@mailinator.com""",Chrome 69.0.3497.100,,2018-10-17 12:17:04,2018-10-17 12:17:04,0.028s,PASSED
"Statement - orderNote = ""auto"" + r_string + ""Order""",Chrome 69.0.3497.100,,2018-10-17 12:17:04,2018-10-17 12:17:04,0.060s,PASSED
Statement - currentNumberItemInCart = <not implemented yet for class: org.codehaus.groovy.ast.expr.EmptyExpression>,Chrome 69.0.3497.100,,2018-10-17 12:17:04,2018-10-17 12:17:04,0.017s,PASSED
Statement - quantity = 1,Chrome 69.0.3497.100,,2018-10-17 12:17:04,2018-10-17 12:17:04,0.013s,PASSED
"Statement - subtotal = CustomKeywords.beautytap.ShopAction.calculateTotal(quantity, saleprice)",Chrome 69.0.3497.100,,2018-10-17 12:17:04,2018-10-17 12:17:04,0.009s,PASSED
Statement - total = subtotal + SHIPPING_PRICE,Chrome 69.0.3497.100,,2018-10-17 12:17:04,2018-10-17 12:17:04,0.015s,PASSED
"Statement - total = CustomKeywords.beautytap.ShopAction.calculateTotal(1, total)",Chrome 69.0.3497.100,,2018-10-17 12:17:04,2018-10-17 12:17:04,0.023s,PASSED
"Statement - products = new org.json.JSONArray((((((([{""productname"":"" + productName) + "",""variation"":"""",""quantity"":"") + quantity) + "",""price"":"") + saleprice) + ""}]))",Chrome 69.0.3497.100,,2018-10-17 12:17:04,2018-10-17 12:17:04,0.009s,PASSED
"Statement - billingInformation = new org.json.JSONObject((({""firstname"":""Test"",""lastname"":""Automation"",""country"":""United States (US)"",""address"":""123 Testing"",""city"":""New York"",""state"":""New York"",""zip"":""90012"",""email"":"" + email) + ""}))",Chrome 69.0.3497.100,,2018-10-17 12:17:04,2018-10-17 12:17:04,0.011s,PASSED
Statement - shippingLabel = SHIPPING_LABEL,Chrome 69.0.3497.100,,2018-10-17 12:17:04,2018-10-17 12:17:04,0.032s,PASSED
Statement - shippingPrice = SHIPPING_PRICE,Chrome 69.0.3497.100,,2018-10-17 12:17:04,2018-10-17 12:17:04,0.009s,PASSED
"Statement - shippingType = ""normal""",Chrome 69.0.3497.100,,2018-10-17 12:17:04,2018-10-17 12:17:04,0.008s,PASSED
"Statement - paymentMethod = ""Credit Card Payment""",Chrome 69.0.3497.100,,2018-10-17 12:17:04,2018-10-17 12:17:04,0.011s,PASSED
beautytap.GeneralAction.openBeautytap,Chrome 69.0.3497.100,,2018-10-17 12:17:04,2018-10-17 12:17:27,23.588s,PASSED
beautytap.ShopAction.globalSearch,Chrome 69.0.3497.100,,2018-10-17 12:17:27,2018-10-17 12:17:38,10.563s,PASSED
beautytap.ShopAction.VerifyProductOnSearchResult,Chrome 69.0.3497.100,VP1: Verify product display in search result panel with regular price,2018-10-17 12:17:38,2018-10-17 12:17:38,0.007s,PASSED
beautytap.ShopAction.selectSearchResult,Chrome 69.0.3497.100,,2018-10-17 12:17:38,2018-10-17 12:17:47,8.644s,PASSED
beautytap.ShopAction.VerifyProductDetails,Chrome 69.0.3497.100,VP2: Verify product detail page display with regular price,2018-10-17 12:17:47,2018-10-17 12:17:47,0.408s,PASSED
Statement - currentNumberItemInCart = CustomKeywords.beautytap.ShopAction.getNumberItemInCart(),Chrome 69.0.3497.100,,2018-10-17 12:17:47,2018-10-17 12:17:53,5.534s,PASSED
beautytap.ShopAction.addProductToCart,Chrome 69.0.3497.100,,2018-10-17 12:17:53,2018-10-17 12:18:06,13.935s,PASSED
beautytap.ShopAction.VerifyNumberItemInCart,Chrome 69.0.3497.100,VP3:Verify product is added to card: cart number increase and message display “PRODUCT_NAME” has been added to your cart.,2018-10-17 12:18:06,2018-10-17 12:18:07,0.079s,PASSED
beautytap.ShopAction.VerifyProductIsAddedToCart,Chrome 69.0.3497.100,,2018-10-17 12:18:07,2018-10-17 12:18:38,31.605s,PASSED
beautytap.ShopAction.goToCart,Chrome 69.0.3497.100,,2018-10-17 12:18:38,2018-10-17 12:18:44,6.316s,PASSED
beautytap.ShopAction.VerifyProductInCart,Chrome 69.0.3497.100,VP4:Verify product is added to cart with correct price and quantity,2018-10-17 12:18:44,2018-10-17 12:18:45,0.385s,PASSED
beautytap.ShopAction.processToCheckout,Chrome 69.0.3497.100,,2018-10-17 12:18:45,2018-10-17 12:18:51,6.572s,PASSED
beautytap.ShopAction.fillCustomerInformation,Chrome 69.0.3497.100,,2018-10-17 12:18:51,2018-10-17 12:19:06,14.385s,PASSED
beautytap.ShopAction.VerifyOrderDetailsOnCheckout,Chrome 69.0.3497.100,VP5: Verify order details on checkout page,2018-10-17 12:19:06,2018-10-17 12:19:06,0.400s,PASSED
beautytap.ShopAction.checkoutViaCreditCard,Chrome 69.0.3497.100,Checkout by credit card,2018-10-17 12:19:06,2018-10-17 12:19:34,27.673s,PASSED
beautytap.ShopAction.VerifyOrderReceivedDetails,Chrome 69.0.3497.100,VP6: Verify order details on order received Page,2018-10-17 12:19:34,2018-10-17 12:19:34,0.415s,PASSED
closeBrowser,Chrome 69.0.3497.100,,2018-10-17 12:19:34,2018-10-17 12:19:35,1.026s,PASSED
,,,,,,
Test Cases/Shop/TC04_Search_VariationProduct_NotSale_AmazonPay_GreaterThan200,Chrome 69.0.3497.100,,2018-10-17 12:19:38,2018-10-17 12:22:20,2m - 42.772s,PASSED
Statement - productName = VARIATION_PRODUCT,Chrome 69.0.3497.100,,2018-10-17 12:19:38,2018-10-17 12:19:38,0.012s,PASSED
Statement - price = VARIATION_PRICE1,Chrome 69.0.3497.100,,2018-10-17 12:19:38,2018-10-17 12:19:38,0.024s,PASSED
Statement - variation = VARIATION_NAME1,Chrome 69.0.3497.100,,2018-10-17 12:19:38,2018-10-17 12:19:38,0.016s,PASSED
"Statement - r_string = new java.lang.Math().random().toString().substring(2, 8)",Chrome 69.0.3497.100,,2018-10-17 12:19:38,2018-10-17 12:19:38,0.015s,PASSED
"Statement - email = ""auto"" + r_string + ""@mailinator.com""",Chrome 69.0.3497.100,,2018-10-17 12:19:38,2018-10-17 12:19:38,0.027s,PASSED
"Statement - orderNote = ""auto"" + r_string + ""Order""",Chrome 69.0.3497.100,,2018-10-17 12:19:38,2018-10-17 12:19:38,0.027s,PASSED
Statement - currentNumberItemInCart = <not implemented yet for class: org.codehaus.groovy.ast.expr.EmptyExpression>,Chrome 69.0.3497.100,,2018-10-17 12:19:38,2018-10-17 12:19:38,0.013s,PASSED
Statement - quantity = 8,Chrome 69.0.3497.100,,2018-10-17 12:19:38,2018-10-17 12:19:38,0.015s,PASSED
"Statement - subtotal = CustomKeywords.beautytap.ShopAction.calculateTotal(quantity, price)",Chrome 69.0.3497.100,,2018-10-17 12:19:38,2018-10-17 12:19:38,0.016s,PASSED
Statement - total = subtotal,Chrome 69.0.3497.100,,2018-10-17 12:19:38,2018-10-17 12:19:38,0.083s,PASSED
"Statement - total = CustomKeywords.beautytap.ShopAction.calculateTotal(1, total)",Chrome 69.0.3497.100,,2018-10-17 12:19:38,2018-10-17 12:19:38,0.016s,PASSED
"Statement - products = new org.json.JSONArray((((((((([{""productname"":"" + productName) + "",""variation"":"") + variation) + "",""quantity"":"") + quantity) + "",""price"":"") + price) + ""}]))",Chrome 69.0.3497.100,,2018-10-17 12:19:38,2018-10-17 12:19:38,0.039s,PASSED
Statement - shippingLabel = FREE_EMS_SHIPPING_LABEL,Chrome 69.0.3497.100,,2018-10-17 12:19:38,2018-10-17 12:19:38,0.011s,PASSED
Statement - shippingPrice = 0,Chrome 69.0.3497.100,,2018-10-17 12:19:38,2018-10-17 12:19:38,0.011s,PASSED
"Statement - shippingType = ""freeEMS""",Chrome 69.0.3497.100,,2018-10-17 12:19:38,2018-10-17 12:19:38,0.008s,PASSED
"Statement - paymentMethod = ""Amazon Pay""",Chrome 69.0.3497.100,,2018-10-17 12:19:38,2018-10-17 12:19:38,0.011s,PASSED
"Statement - amazonAddress = ""Trang N. CMT8 Floor 9th, Hochiminh, 3, 700000, Vietnam""",Chrome 69.0.3497.100,,2018-10-17 12:19:38,2018-10-17 12:19:38,0.014s,PASSED
beautytap.GeneralAction.openBeautytap,Chrome 69.0.3497.100,,2018-10-17 12:19:38,2018-10-17 12:20:14,36.162s,PASSED
beautytap.ShopAction.globalSearch,Chrome 69.0.3497.100,,2018-10-17 12:20:14,2018-10-17 12:20:25,10.411s,PASSED
beautytap.ShopAction.VerifyProductOnSearchResult,Chrome 69.0.3497.100,VP1: Verify product display in search result panel with regular price,2018-10-17 12:20:25,2018-10-17 12:20:25,0.010s,PASSED
beautytap.ShopAction.selectSearchResult,Chrome 69.0.3497.100,,2018-10-17 12:20:25,2018-10-17 12:20:35,10.382s,PASSED
beautytap.ShopAction.selectProductVariation,Chrome 69.0.3497.100,,2018-10-17 12:20:35,2018-10-17 12:20:37,1.429s,PASSED
beautytap.ShopAction.VerifyProductDetails,Chrome 69.0.3497.100,VP2: Verify product detail page display with regular price,2018-10-17 12:20:37,2018-10-17 12:20:37,0.779s,PASSED
Statement - currentNumberItemInCart = CustomKeywords.beautytap.ShopAction.getNumberItemInCart(),Chrome 69.0.3497.100,,2018-10-17 12:20:37,2018-10-17 12:20:43,5.472s,PASSED
beautytap.ShopAction.addProductToCart,Chrome 69.0.3497.100,,2018-10-17 12:20:43,2018-10-17 12:20:57,13.973s,PASSED
beautytap.ShopAction.VerifyNumberItemInCart,Chrome 69.0.3497.100,VP3:Verify product is added to card: cart number increase and message display “PRODUCT_NAME” has been added to your cart.,2018-10-17 12:20:57,2018-10-17 12:20:57,0.106s,PASSED
beautytap.ShopAction.VerifyProductIsAddedToCart,Chrome 69.0.3497.100,,2018-10-17 12:20:57,2018-10-17 12:20:57,0.052s,PASSED
beautytap.ShopAction.goToCart,Chrome 69.0.3497.100,,2018-10-17 12:20:57,2018-10-17 12:21:04,7.586s,PASSED
beautytap.ShopAction.VerifyProductInCart,Chrome 69.0.3497.100,VP4:Verify product is added to cart with correct price and quantity,2018-10-17 12:21:04,2018-10-17 12:21:05,0.258s,PASSED
beautytap.ShopAction.processToCheckout,Chrome 69.0.3497.100,,2018-10-17 12:21:05,2018-10-17 12:21:11,6.148s,PASSED
beautytap.ShopAction.loginAmazonPay,Chrome 69.0.3497.100,Login amazonPay,2018-10-17 12:21:11,2018-10-17 12:21:47,35.732s,PASSED
beautytap.ShopAction.selectAmazonPayAddress,Chrome 69.0.3497.100,,2018-10-17 12:21:47,2018-10-17 12:21:52,5.697s,PASSED
beautytap.ShopAction.VerifyOrderDetailsOnCheckout,Chrome 69.0.3497.100,VP5: Verify order details on checkout page,2018-10-17 12:21:52,2018-10-17 12:21:53,0.266s,PASSED
beautytap.ShopAction.checkoutViaAmazonPay,Chrome 69.0.3497.100,Checkout via amazonPay,2018-10-17 12:21:53,2018-10-17 12:22:10,17.538s,PASSED
beautytap.ShopAction.VerifyOrderReceivedDetails,Chrome 69.0.3497.100,VP6: Verify order details on order received Page,2018-10-17 12:22:10,2018-10-17 12:22:16,6.076s,PASSED
closeBrowser,Chrome 69.0.3497.100,,2018-10-17 12:22:16,2018-10-17 12:22:18,1.719s,PASSED
,,,,,,
Test Cases/Shop/TC05_Browse_SimpleProduct_NotSale_PayPal_GreaterThan60LessThan200,Chrome 69.0.3497.100,,2018-10-17 12:22:20,2018-10-17 12:25:37,3m - 17.076s,PASSED
Statement - productName = SIMPLE_PRODUCT,Chrome 69.0.3497.100,,2018-10-17 12:22:21,2018-10-17 12:22:21,0.033s,PASSED
Statement - price = SIMPLE_PRODUCT_PRICE,Chrome 69.0.3497.100,,2018-10-17 12:22:21,2018-10-17 12:22:21,0.061s,PASSED
"Statement - r_string = new java.lang.Math().random().toString().substring(2, 8)",Chrome 69.0.3497.100,,2018-10-17 12:22:21,2018-10-17 12:22:21,0.045s,PASSED
"Statement - email = ""auto"" + r_string + ""@mailinator.com""",Chrome 69.0.3497.100,,2018-10-17 12:22:21,2018-10-17 12:22:21,0.024s,PASSED
"Statement - orderNote = ""auto"" + r_string + ""Order""",Chrome 69.0.3497.100,,2018-10-17 12:22:21,2018-10-17 12:22:21,0.017s,PASSED
Statement - currentNumberItemInCart = <not implemented yet for class: org.codehaus.groovy.ast.expr.EmptyExpression>,Chrome 69.0.3497.100,,2018-10-17 12:22:21,2018-10-17 12:22:21,0.027s,PASSED
Statement - quantity = 3,Chrome 69.0.3497.100,,2018-10-17 12:22:21,2018-10-17 12:22:21,0.019s,PASSED
"Statement - subtotal = CustomKeywords.beautytap.ShopAction.calculateTotal(quantity, price)",Chrome 69.0.3497.100,,2018-10-17 12:22:21,2018-10-17 12:22:21,0.020s,PASSED
Statement - total = subtotal,Chrome 69.0.3497.100,,2018-10-17 12:22:21,2018-10-17 12:22:21,0.092s,PASSED
"Statement - total = CustomKeywords.beautytap.ShopAction.calculateTotal(1, total)",Chrome 69.0.3497.100,,2018-10-17 12:22:21,2018-10-17 12:22:21,0.023s,PASSED
"Statement - products = new org.json.JSONArray((((((([{""productname"":"" + productName) + "",""variation"":"""",""quantity"":"") + quantity) + "",""price"":"") + price) + ""}]))",Chrome 69.0.3497.100,,2018-10-17 12:22:21,2018-10-17 12:22:21,0.092s,PASSED
"Statement - billingInformation = new org.json.JSONObject((({""firstname"":""Test"",""lastname"":""Automation"",""country"":""United States (US)"",""address"":""123 Testing"",""city"":""New York"",""state"":""New York"",""zip"":""90012"",""email"":"" + email) + ""}))",Chrome 69.0.3497.100,,2018-10-17 12:22:21,2018-10-17 12:22:21,0.038s,PASSED
Statement - shippingLabel = FREE_SHIPPING_LABEL,Chrome 69.0.3497.100,,2018-10-17 12:22:21,2018-10-17 12:22:21,0.020s,PASSED
Statement - shippingPrice = 0,Chrome 69.0.3497.100,,2018-10-17 12:22:21,2018-10-17 12:22:21,0.041s,PASSED
"Statement - shippingType = ""free""",Chrome 69.0.3497.100,,2018-10-17 12:22:21,2018-10-17 12:22:21,0.020s,PASSED
"Statement - paymentMethod = ""PayPal""",Chrome 69.0.3497.100,,2018-10-17 12:22:21,2018-10-17 12:22:21,0.020s,PASSED
"Statement - category = ""What's New""",Chrome 69.0.3497.100,,2018-10-17 12:22:21,2018-10-17 12:22:22,0.035s,PASSED
beautytap.GeneralAction.openBeautytap,Chrome 69.0.3497.100,,2018-10-17 12:22:22,2018-10-17 12:22:44,22.462s,PASSED
beautytap.ShopAction.selectCategory,Chrome 69.0.3497.100,,2018-10-17 12:22:44,2018-10-17 12:22:54,9.697s,PASSED
beautytap.ShopAction.findProductOnProductList,Chrome 69.0.3497.100,,2018-10-17 12:22:54,2018-10-17 12:23:36,41.981s,PASSED
beautytap.ShopAction.VerifyProductOnProductList,Chrome 69.0.3497.100,VP1: Verify product display on product list,2018-10-17 12:23:36,2018-10-17 12:23:36,0.168s,PASSED
beautytap.ShopAction.selectProductOnProductList,Chrome 69.0.3497.100,,2018-10-17 12:23:36,2018-10-17 12:23:46,9.865s,PASSED
beautytap.ShopAction.VerifyProductDetails,Chrome 69.0.3497.100,VP2: Verify product detail page display with regular price,2018-10-17 12:23:46,2018-10-17 12:23:46,0.178s,PASSED
Statement - currentNumberItemInCart = CustomKeywords.beautytap.ShopAction.getNumberItemInCart(),Chrome 69.0.3497.100,,2018-10-17 12:23:46,2018-10-17 12:23:51,5.489s,PASSED
beautytap.ShopAction.addProductToCart,Chrome 69.0.3497.100,,2018-10-17 12:23:51,2018-10-17 12:24:05,13.757s,PASSED
beautytap.ShopAction.VerifyNumberItemInCart,Chrome 69.0.3497.100,VP3:Verify product is added to card: cart number increase and message display “PRODUCT_NAME” has been added to your cart.,2018-10-17 12:24:05,2018-10-17 12:24:05,0.114s,PASSED
beautytap.ShopAction.VerifyProductIsAddedToCart,Chrome 69.0.3497.100,,2018-10-17 12:24:05,2018-10-17 12:24:05,0.055s,PASSED
beautytap.ShopAction.goToCart,Chrome 69.0.3497.100,,2018-10-17 12:24:05,2018-10-17 12:24:12,6.633s,PASSED
beautytap.ShopAction.VerifyProductInCart,Chrome 69.0.3497.100,VP4:Verify product is added to cart with correct price and quantity,2018-10-17 12:24:12,2018-10-17 12:24:12,0.212s,PASSED
beautytap.ShopAction.processToCheckout,Chrome 69.0.3497.100,,2018-10-17 12:24:12,2018-10-17 12:24:18,6.098s,PASSED
beautytap.ShopAction.fillCustomerInformation,Chrome 69.0.3497.100,,2018-10-17 12:24:18,2018-10-17 12:24:32,14.189s,PASSED
beautytap.ShopAction.VerifyOrderDetailsOnCheckout,Chrome 69.0.3497.100,VP5: Verify order details on checkout page,2018-10-17 12:24:32,2018-10-17 12:24:33,0.201s,PASSED
beautytap.ShopAction.checkoutViaPaypal,Chrome 69.0.3497.100,Checkout by credit card,2018-10-17 12:24:33,2018-10-17 12:25:28,55.649s,PASSED
beautytap.ShopAction.VerifyOrderReceivedDetails,Chrome 69.0.3497.100,VP6: Verify order details on order received Page,2018-10-17 12:25:28,2018-10-17 12:25:34,5.933s,PASSED
closeBrowser,Chrome 69.0.3497.100,,2018-10-17 12:25:34,2018-10-17 12:25:35,0.946s,PASSED
,,,,,,
Test Cases/Shop/TC06_Browse_VariationProduct_Sale_AmazonPayAtCart_LessThan60_EMS,Chrome 69.0.3497.100,,2018-10-17 12:25:37,2018-10-17 12:28:35,2m - 57.742s,PASSED
Statement - productName = VARIATION_SALE_PRODUCT,Chrome 69.0.3497.100,,2018-10-17 12:25:38,2018-10-17 12:25:38,0.016s,PASSED
Statement - saleprice = VARIATION_SALE_PRICE1,Chrome 69.0.3497.100,,2018-10-17 12:25:38,2018-10-17 12:25:38,0.007s,PASSED
Statement - redularprice = VARIATION_SALE_REGULAR_PRICE1,Chrome 69.0.3497.100,,2018-10-17 12:25:38,2018-10-17 12:25:38,0.006s,PASSED
Statement - variation = VARIATION_SALE_NAME1,Chrome 69.0.3497.100,,2018-10-17 12:25:38,2018-10-17 12:25:38,0.006s,PASSED
"Statement - r_string = new java.lang.Math().random().toString().substring(2, 8)",Chrome 69.0.3497.100,,2018-10-17 12:25:38,2018-10-17 12:25:38,0.006s,PASSED
"Statement - email = ""auto"" + r_string + ""@mailinator.com""",Chrome 69.0.3497.100,,2018-10-17 12:25:38,2018-10-17 12:25:38,0.010s,PASSED
"Statement - orderNote = ""auto"" + r_string + ""Order""",Chrome 69.0.3497.100,,2018-10-17 12:25:38,2018-10-17 12:25:38,0.006s,PASSED
Statement - currentNumberItemInCart = <not implemented yet for class: org.codehaus.groovy.ast.expr.EmptyExpression>,Chrome 69.0.3497.100,,2018-10-17 12:25:38,2018-10-17 12:25:38,0.006s,PASSED
Statement - quantity = 5,Chrome 69.0.3497.100,,2018-10-17 12:25:38,2018-10-17 12:25:38,0.007s,PASSED
Statement - shippingLabel = SHIPPING_LABEL,Chrome 69.0.3497.100,,2018-10-17 12:25:38,2018-10-17 12:25:38,0.006s,PASSED
Statement - shippingPrice = SHIPPING_PRICE,Chrome 69.0.3497.100,,2018-10-17 12:25:38,2018-10-17 12:25:38,0.007s,PASSED
"Statement - subtotal = CustomKeywords.beautytap.ShopAction.calculateTotal(quantity, saleprice)",Chrome 69.0.3497.100,,2018-10-17 12:25:38,2018-10-17 12:25:38,0.011s,PASSED
Statement - total = subtotal + shippingPrice,Chrome 69.0.3497.100,,2018-10-17 12:25:38,2018-10-17 12:25:38,0.011s,PASSED
"Statement - total = CustomKeywords.beautytap.ShopAction.calculateTotal(1, total)",Chrome 69.0.3497.100,,2018-10-17 12:25:38,2018-10-17 12:25:38,0.012s,PASSED
"Statement - products = new org.json.JSONArray((((((((([{""productname"":"" + productName) + "",""variation"":"") + variation) + "",""quantity"":"") + quantity) + "",""price"":"") + saleprice) + ""}]))",Chrome 69.0.3497.100,,2018-10-17 12:25:38,2018-10-17 12:25:38,0.005s,PASSED
"Statement - billingInformation = new org.json.JSONObject((({""firstname"":""Test"",""lastname"":""Automation"",""country"":""United States (US)"",""address"":""123 Testing"",""city"":""New York"",""state"":""New York"",""zip"":""90012"",""email"":"" + email) + ""}))",Chrome 69.0.3497.100,,2018-10-17 12:25:38,2018-10-17 12:25:38,0.006s,PASSED
"Statement - shippingType = ""normal""",Chrome 69.0.3497.100,,2018-10-17 12:25:38,2018-10-17 12:25:38,0.007s,PASSED
"Statement - paymentMethod = ""Amazon Pay""",Chrome 69.0.3497.100,,2018-10-17 12:25:38,2018-10-17 12:25:38,0.010s,PASSED
"Statement - category = ""Brands""",Chrome 69.0.3497.100,,2018-10-17 12:25:38,2018-10-17 12:25:38,0.007s,PASSED
"Statement - subcategory = ""Innisfree""",Chrome 69.0.3497.100,,2018-10-17 12:25:38,2018-10-17 12:25:38,0.010s,PASSED
beautytap.GeneralAction.openBeautytap,Chrome 69.0.3497.100,,2018-10-17 12:25:38,2018-10-17 12:26:08,30.081s,PASSED
beautytap.ShopAction.selectCategory,Chrome 69.0.3497.100,,2018-10-17 12:26:08,2018-10-17 12:26:31,22.858s,PASSED
beautytap.ShopAction.findProductOnProductList,Chrome 69.0.3497.100,,2018-10-17 12:26:31,2018-10-17 12:26:50,19.472s,PASSED
beautytap.ShopAction.VerifyProductOnProductList,Chrome 69.0.3497.100,VP1: Verify product display in Product List,2018-10-17 12:26:50,2018-10-17 12:26:50,0.352s,PASSED
beautytap.ShopAction.selectProductOnProductList,Chrome 69.0.3497.100,,2018-10-17 12:26:50,2018-10-17 12:27:03,12.275s,PASSED
beautytap.ShopAction.selectProductVariation,Chrome 69.0.3497.100,,2018-10-17 12:27:03,2018-10-17 12:27:04,1.403s,PASSED
beautytap.ShopAction.VerifyProductDetails,Chrome 69.0.3497.100,VP2: Verify product detail page display,2018-10-17 12:27:04,2018-10-17 12:27:05,1.136s,PASSED
Statement - currentNumberItemInCart = CustomKeywords.beautytap.ShopAction.getNumberItemInCart(),Chrome 69.0.3497.100,,2018-10-17 12:27:05,2018-10-17 12:27:11,5.555s,PASSED
beautytap.ShopAction.addProductToCart,Chrome 69.0.3497.100,,2018-10-17 12:27:11,2018-10-17 12:27:25,14.482s,PASSED
beautytap.ShopAction.VerifyNumberItemInCart,Chrome 69.0.3497.100,VP3:Verify product is added to card: cart number increase and message display “PRODUCT_NAME” has been added to your cart.,2018-10-17 12:27:25,2018-10-17 12:27:25,0.092s,PASSED
beautytap.ShopAction.VerifyProductIsAddedToCart,Chrome 69.0.3497.100,,2018-10-17 12:27:25,2018-10-17 12:27:25,0.037s,PASSED
beautytap.ShopAction.goToCart,Chrome 69.0.3497.100,,2018-10-17 12:27:25,2018-10-17 12:27:33,7.207s,PASSED
beautytap.ShopAction.VerifyProductInCart,Chrome 69.0.3497.100,VP4:Verify product is added to cart with correct price and quantity,2018-10-17 12:27:33,2018-10-17 12:27:33,0.242s,PASSED
beautytap.ShopAction.loginAmazonPay,Chrome 69.0.3497.100,Login amazonPay,2018-10-17 12:27:33,2018-10-17 12:28:09,36.459s,PASSED
beautytap.ShopAction.VerifyOrderDetailsOnCheckout,Chrome 69.0.3497.100,VP5: Verify order details on checkout page,2018-10-17 12:28:09,2018-10-17 12:28:10,1.033s,PASSED
beautytap.ShopAction.checkoutViaAmazonPay,Chrome 69.0.3497.100,Checkout via amazonPay,2018-10-17 12:28:10,2018-10-17 12:28:31,20.865s,PASSED
beautytap.ShopAction.VerifyOrderReceivedDetails,Chrome 69.0.3497.100,VP6: Verify order details on order received Page,2018-10-17 12:28:31,2018-10-17 12:28:32,0.514s,PASSED
closeBrowser,Chrome 69.0.3497.100,,2018-10-17 12:28:32,2018-10-17 12:28:33,1.108s,PASSED
,,,,,,
Test Cases/Shop/TC11_HTTPS_Redirect,Chrome 69.0.3497.100,,2018-10-17 12:28:35,2018-10-17 12:29:21,45.438s,PASSED
Statement - httpLink = SITE_URL,Chrome 69.0.3497.100,,2018-10-17 12:28:35,2018-10-17 12:28:35,0.011s,PASSED
"Statement - httpLink = httpLink.replace(""https"", ""http"")",Chrome 69.0.3497.100,,2018-10-17 12:28:35,2018-10-17 12:28:35,0.009s,PASSED
Statement - httpsLink = SITE_URL,Chrome 69.0.3497.100,,2018-10-17 12:28:35,2018-10-17 12:28:35,0.010s,PASSED
beautytap.GeneralAction.openBeautytap,Chrome 69.0.3497.100,,2018-10-17 12:28:35,2018-10-17 12:29:07,31.813s,PASSED
delay,Chrome 69.0.3497.100,,2018-10-17 12:29:07,2018-10-17 12:29:17,10.008s,PASSED
Statement - currentURL = com.kms.katalon.core.webui.keyword.WebUiBuiltInKeywords.getUrl(),Chrome 69.0.3497.100,,2018-10-17 12:29:17,2018-10-17 12:29:17,0.029s,PASSED
verifyMatch,Chrome 69.0.3497.100,,2018-10-17 12:29:17,2018-10-17 12:29:17,0.015s,PASSED
closeBrowser,Chrome 69.0.3497.100,,2018-10-17 12:29:17,2018-10-17 12:29:18,1.287s,PASSED
